sleep,score
7.55,96
7.47,98
8.55,92
9.42,98
7.54,97
8.07,97
8.62,91
4.77,96
8.79,95
8.89,99
8.86,100
6.73,82
8.360000000000001,99
6.62,62
8.95,91
8.62,99
5.02,14
4.51,28
7.86,97
7.1,47
8.58,99
6.34,7
7.34,78
8.540000000000001,98
7.69,100
7.27,92
8.43,92
6.79,26
8.26,95
6.8,98
8.06,96
8.38,99
7.07,99
7.829999999999999,96
9.780000000000001,90
8.96,97
